"id","epocs", "MiniBatch_Id","test_matches","test_cases", "lambda_Reg_", "Cost","Cost_Function_Name","Learning Rate","Total Samples"
0,30,100,6.00,100,0,0.477468312843636,"Quadratic",1,1000
1,30,100,20.00,100,0,0.481787567889412,"Quadratic",1,1000
2,30,100,15.00,100,0,0.48367884695394,"Quadratic",1,1000
3,30,100,20.00,100,0,0.493949512657165,"Quadratic",1,1000
4,30,100,17.00,100,0,0.435949949118352,"Quadratic",1,1000
5,30,100,16.00,100,0,0.460998796990111,"Quadratic",1,1000
6,30,100,22.00,100,0,0.469812361048813,"Quadratic",1,1000
7,30,100,17.00,100,0,0.497912687743889,"Quadratic",1,1000
8,30,100,17.00,100,0,0.491252744652382,"Quadratic",1,1000
9,30,100,24.00,100,0,0.477113482512929,"Quadratic",1,1000
10,30,100,25.00,100,0,0.459946948176948,"Quadratic",1,1000
11,30,100,27.00,100,0,0.492850290956067,"Quadratic",1,1000
12,30,100,11.00,100,0,0.479666378244597,"Quadratic",1,1000
13,30,100,17.00,100,0,0.469927223663381,"Quadratic",1,1000
14,30,100,24.00,100,0,0.48776951305422,"Quadratic",1,1000
15,30,100,25.00,100,0,0.494231040761665,"Quadratic",1,1000
16,30,100,32.00,100,0,0.489831281029012,"Quadratic",1,1000
17,30,100,28.00,100,0,0.485211129991548,"Quadratic",1,1000
18,30,100,17.00,100,0,0.691270524315283,"Quadratic",1,1000
19,30,100,24.00,100,0,0.48059585607943,"Quadratic",1,1000
20,30,100,17.00,100,0,0.448932754996417,"Quadratic",1,1000
21,30,100,18.00,100,0,0.474562425776254,"Quadratic",1,1000
22,30,100,32.00,100,0,0.494802902873286,"Quadratic",1,1000
23,30,100,31.00,100,0,0.532593393720459,"Quadratic",1,1000
24,30,100,34.00,100,0,0.486223354693941,"Quadratic",1,1000
25,30,100,28.00,100,0,0.4901458519369,"Quadratic",1,1000
26,30,100,23.00,100,0,0.477010850656435,"Quadratic",1,1000
27,30,100,28.00,100,0,0.501196129283411,"Quadratic",1,1000
28,30,100,30.00,100,0,0.485624091014343,"Quadratic",1,1000
29,30,100,23.00,100,0,0.483347617358337,"Quadratic",1,1000
"id","epocs", "MiniBatch_Id","test_matches","test_cases", "lambda_Reg_", "Cost","Cost_Function_Name","Learning Rate","Total Samples"
0,30,100,38.00,100,0,0.465532454746185,"Quadratic",0.1,1000
1,30,100,44.00,100,0,0.462384422741072,"Quadratic",0.1,1000
2,30,100,44.00,100,0,0.452364118962657,"Quadratic",0.1,1000
3,30,100,48.00,100,0,0.516355809168023,"Quadratic",0.1,1000
4,30,100,59.00,100,0,0.42217845244651,"Quadratic",0.1,1000
5,30,100,58.00,100,0,0.533949998296089,"Quadratic",0.1,1000
6,30,100,53.00,100,0,0.522714940906709,"Quadratic",0.1,1000
7,30,100,69.00,100,0,0.792430919488658,"Quadratic",0.1,1000
8,30,100,64.00,100,0,0.618464274954011,"Quadratic",0.1,1000
9,30,100,62.00,100,0,0.475265048344173,"Quadratic",0.1,1000
10,30,100,64.00,100,0,0.562850147867238,"Quadratic",0.1,1000
11,30,100,61.00,100,0,0.747609833633994,"Quadratic",0.1,1000
12,30,100,65.00,100,0,0.634398761145007,"Quadratic",0.1,1000
13,30,100,67.00,100,0,0.479763798747317,"Quadratic",0.1,1000
14,30,100,66.00,100,0,0.526637927174909,"Quadratic",0.1,1000
15,30,100,62.00,100,0,0.517948744739077,"Quadratic",0.1,1000
16,30,100,69.00,100,0,0.717275569743782,"Quadratic",0.1,1000
17,30,100,73.00,100,0,0.660862640824171,"Quadratic",0.1,1000
18,30,100,66.00,100,0,0.466419568073413,"Quadratic",0.1,1000
19,30,100,74.00,100,0,0.741452502173174,"Quadratic",0.1,1000
20,30,100,71.00,100,0,0.537401825396083,"Quadratic",0.1,1000
21,30,100,71.00,100,0,0.665886377468037,"Quadratic",0.1,1000
22,30,100,70.00,100,0,0.447337251119793,"Quadratic",0.1,1000
23,30,100,71.00,100,0,0.649890859457247,"Quadratic",0.1,1000
24,30,100,74.00,100,0,0.684815950091403,"Quadratic",0.1,1000
25,30,100,73.00,100,0,0.466265567768455,"Quadratic",0.1,1000
26,30,100,70.00,100,0,0.515925096952827,"Quadratic",0.1,1000
27,30,100,76.00,100,0,0.457906056308641,"Quadratic",0.1,1000
28,30,100,70.00,100,0,0.52559536726731,"Quadratic",0.1,1000
29,30,100,67.00,100,0,0.48153116431241,"Quadratic",0.1,1000
"id","epocs", "MiniBatch_Id","test_matches","test_cases", "lambda_Reg_", "Cost","Cost_Function_Name","Learning Rate","Total Samples"
0,30,100,31.00,100,1,0.469966149732793,"Quadratic",0.1,1000
1,30,100,44.00,100,1,0.449766393155694,"Quadratic",0.1,1000
2,30,100,56.00,100,1,0.46037555891975,"Quadratic",0.1,1000
3,30,100,56.00,100,1,0.50138320988446,"Quadratic",0.1,1000
4,30,100,56.00,100,1,0.47006882731574,"Quadratic",0.1,1000
5,30,100,60.00,100,1,0.495756580060156,"Quadratic",0.1,1000
6,30,100,68.00,100,1,0.400285332790141,"Quadratic",0.1,1000
7,30,100,61.00,100,1,0.532841557865372,"Quadratic",0.1,1000
8,30,100,67.00,100,1,0.828539209484652,"Quadratic",0.1,1000
9,30,100,66.00,100,1,0.433575183580019,"Quadratic",0.1,1000
10,30,100,70.00,100,1,0.471586831162378,"Quadratic",0.1,1000
11,30,100,70.00,100,1,0.576543659563379,"Quadratic",0.1,1000
12,30,100,70.00,100,1,0.48118789219941,"Quadratic",0.1,1000
13,30,100,73.00,100,1,0.672792424315734,"Quadratic",0.1,1000
14,30,100,68.00,100,1,0.688269019109532,"Quadratic",0.1,1000
15,30,100,72.00,100,1,0.618467383587751,"Quadratic",0.1,1000
16,30,100,70.00,100,1,0.515242458227292,"Quadratic",0.1,1000
17,30,100,71.00,100,1,0.47603417034907,"Quadratic",0.1,1000
18,30,100,69.00,100,1,0.614149817344186,"Quadratic",0.1,1000
19,30,100,71.00,100,1,0.725151727610966,"Quadratic",0.1,1000
20,30,100,72.00,100,1,0.638773497785463,"Quadratic",0.1,1000
21,30,100,70.00,100,1,0.582594433697648,"Quadratic",0.1,1000
22,30,100,70.00,100,1,0.62157150639045,"Quadratic",0.1,1000
23,30,100,71.00,100,1,0.570250617830918,"Quadratic",0.1,1000
24,30,100,76.00,100,1,0.5721549035732,"Quadratic",0.1,1000
25,30,100,67.00,100,1,0.543002253647658,"Quadratic",0.1,1000
26,30,100,73.00,100,1,0.723516866797912,"Quadratic",0.1,1000
27,30,100,69.00,100,1,0.68670084993718,"Quadratic",0.1,1000
28,30,100,73.00,100,1,0.501125801729145,"Quadratic",0.1,1000
29,30,100,70.00,100,1,0.497818382641934,"Quadratic",0.1,1000
"id","epocs", "MiniBatch_Id","test_matches","test_cases", "lambda_Reg_", "Cost","Cost_Function_Name","Learning Rate","Total Samples"
0,30,100,46.00,100,1.5,0.442961127413921,"Quadratic",0.1,1000
1,30,100,51.00,100,1.5,0.523493013220002,"Quadratic",0.1,1000
2,30,100,55.00,100,1.5,0.552917128262053,"Quadratic",0.1,1000
3,30,100,57.00,100,1.5,0.480472509562334,"Quadratic",0.1,1000
4,30,100,56.00,100,1.5,0.541875998188801,"Quadratic",0.1,1000
5,30,100,59.00,100,1.5,0.578152140055506,"Quadratic",0.1,1000
6,30,100,58.00,100,1.5,0.457346088437083,"Quadratic",0.1,1000
7,30,100,66.00,100,1.5,0.443081782401627,"Quadratic",0.1,1000
8,30,100,68.00,100,1.5,0.440667501513348,"Quadratic",0.1,1000
9,30,100,72.00,100,1.5,0.540601047185483,"Quadratic",0.1,1000
10,30,100,65.00,100,1.5,0.466338291637399,"Quadratic",0.1,1000
11,30,100,72.00,100,1.5,0.538638882412817,"Quadratic",0.1,1000
12,30,100,71.00,100,1.5,0.459608510039602,"Quadratic",0.1,1000
13,30,100,71.00,100,1.5,0.542754913190916,"Quadratic",0.1,1000
14,30,100,69.00,100,1.5,0.463859453467184,"Quadratic",0.1,1000
15,30,100,68.00,100,1.5,0.475417884155551,"Quadratic",0.1,1000
16,30,100,73.00,100,1.5,0.422108990209418,"Quadratic",0.1,1000
17,30,100,64.00,100,1.5,0.507868229117032,"Quadratic",0.1,1000
18,30,100,70.00,100,1.5,0.828512633630961,"Quadratic",0.1,1000
19,30,100,75.00,100,1.5,0.526472331647498,"Quadratic",0.1,1000
20,30,100,72.00,100,1.5,0.620276830283293,"Quadratic",0.1,1000
21,30,100,76.00,100,1.5,0.609374480448991,"Quadratic",0.1,1000
22,30,100,68.00,100,1.5,0.527110010353984,"Quadratic",0.1,1000
23,30,100,75.00,100,1.5,0.537288429233734,"Quadratic",0.1,1000
24,30,100,72.00,100,1.5,0.464971858978961,"Quadratic",0.1,1000
25,30,100,74.00,100,1.5,0.467403195464618,"Quadratic",0.1,1000
26,30,100,65.00,100,1.5,0.510971587812467,"Quadratic",0.1,1000
27,30,100,72.00,100,1.5,0.616584343228361,"Quadratic",0.1,1000
28,30,100,76.00,100,1.5,0.480836408174721,"Quadratic",0.1,1000
29,30,100,71.00,100,1.5,0.73834525717198,"Quadratic",0.1,1000
"id","epocs", "MiniBatch_Id","test_matches","test_cases", "lambda_Reg_", "Cost","Cost_Function_Name","Learning Rate","Total Samples"
0,30,100,10.00,100,0,17.4711633428618,"Cross Entropy",1,1000
1,30,100,10.00,100,0,26.2471247178317,"Cross Entropy",1,1000
2,30,100,8.00,100,0,23.4687087232519,"Cross Entropy",1,1000
3,30,100,15.00,100,0,21.6378530824766,"Cross Entropy",1,1000
4,30,100,15.00,100,0,26.3737355653124,"Cross Entropy",1,1000
5,30,100,15.00,100,0,25.4962293432656,"Cross Entropy",1,1000
6,30,100,8.00,100,0,21.0456936749436,"Cross Entropy",1,1000
7,30,100,8.00,100,0,17.8386159621555,"Cross Entropy",1,1000
8,30,100,11.00,100,0,13.3066977050355,"Cross Entropy",1,1000
9,30,100,8.00,100,0,23.1280411355776,"Cross Entropy",1,1000
10,30,100,14.00,100,0,21.985577518583,"Cross Entropy",1,1000
11,30,100,8.00,100,0,14.5953917893048,"Cross Entropy",1,1000
12,30,100,11.00,100,0,15.2312883093269,"Cross Entropy",1,1000
13,30,100,10.00,100,0,26.4658894684368,"Cross Entropy",1,1000
14,30,100,15.00,100,0,25.928388129986,"Cross Entropy",1,1000
15,30,100,10.00,100,0,19.0042334738601,"Cross Entropy",1,1000
16,30,100,14.00,100,0,22.1397197960846,"Cross Entropy",1,1000
17,30,100,10.00,100,0,11.2308720187293,"Cross Entropy",1,1000
18,30,100,15.00,100,0,17.8160661393348,"Cross Entropy",1,1000
19,30,100,7.00,100,0,22.6744350456374,"Cross Entropy",1,1000
20,30,100,11.00,100,0,17.8088428503562,"Cross Entropy",1,1000
21,30,100,15.00,100,0,23.4202944036908,"Cross Entropy",1,1000
22,30,100,14.00,100,0,13.2156035176744,"Cross Entropy",1,1000
23,30,100,8.00,100,0,32.2678585941854,"Cross Entropy",1,1000
24,30,100,11.00,100,0,14.7212023333877,"Cross Entropy",1,1000
25,30,100,8.00,100,0,12.6314698066766,"Cross Entropy",1,1000
26,30,100,15.00,100,0,17.684375508209,"Cross Entropy",1,1000
27,30,100,14.00,100,0,22.7458094092554,"Cross Entropy",1,1000
28,30,100,11.00,100,0,14.1299062685595,"Cross Entropy",1,1000
29,30,100,14.00,100,0,26.0939459587662,"Cross Entropy",1,1000
"id","epocs", "MiniBatch_Id","test_matches","test_cases", "lambda_Reg_", "Cost","Cost_Function_Name","Learning Rate","Total Samples"
0,30,100,24.00,100,0,3.08461982909396,"Cross Entropy",0.1,1000
1,30,100,19.00,100,0,3.28892324747713,"Cross Entropy",0.1,1000
2,30,100,25.00,100,0,2.74385781982223,"Cross Entropy",0.1,1000
3,30,100,19.00,100,0,2.92792854334092,"Cross Entropy",0.1,1000
4,30,100,34.00,100,0,3.00988241747582,"Cross Entropy",0.1,1000
5,30,100,21.00,100,0,3.16835615043816,"Cross Entropy",0.1,1000
6,30,100,18.00,100,0,2.96349427923939,"Cross Entropy",0.1,1000
7,30,100,30.00,100,0,3.04462250488483,"Cross Entropy",0.1,1000
8,30,100,33.00,100,0,4.10098437725231,"Cross Entropy",0.1,1000
9,30,100,38.00,100,0,4.62267839288381,"Cross Entropy",0.1,1000
10,30,100,30.00,100,0,3.01201710621151,"Cross Entropy",0.1,1000
11,30,100,33.00,100,0,3.11090998605979,"Cross Entropy",0.1,1000
12,30,100,27.00,100,0,2.71022876820672,"Cross Entropy",0.1,1000
13,30,100,26.00,100,0,2.78330207858499,"Cross Entropy",0.1,1000
14,30,100,21.00,100,0,2.95703851326941,"Cross Entropy",0.1,1000
15,30,100,30.00,100,0,3.46826667311199,"Cross Entropy",0.1,1000
16,30,100,30.00,100,0,2.79731865220169,"Cross Entropy",0.1,1000
17,30,100,34.00,100,0,3.45347593865984,"Cross Entropy",0.1,1000
18,30,100,31.00,100,0,4.38386382961793,"Cross Entropy",0.1,1000
19,30,100,25.00,100,0,2.99012379342352,"Cross Entropy",0.1,1000
20,30,100,26.00,100,0,3.76446184586638,"Cross Entropy",0.1,1000
21,30,100,36.00,100,0,3.03858106734065,"Cross Entropy",0.1,1000
22,30,100,28.00,100,0,4.34138517747159,"Cross Entropy",0.1,1000
23,30,100,39.00,100,0,3.16335790665216,"Cross Entropy",0.1,1000
24,30,100,30.00,100,0,3.13214070066115,"Cross Entropy",0.1,1000
25,30,100,40.00,100,0,2.93423078927759,"Cross Entropy",0.1,1000
26,30,100,31.00,100,0,3.96703528382248,"Cross Entropy",0.1,1000
27,30,100,27.00,100,0,3.3693490394127,"Cross Entropy",0.1,1000
28,30,100,39.00,100,0,3.1153873546168,"Cross Entropy",0.1,1000
29,30,100,26.00,100,0,2.97852215256543,"Cross Entropy",0.1,1000
"id","epocs", "MiniBatch_Id","test_matches","test_cases", "lambda_Reg_", "Cost","Cost_Function_Name","Learning Rate","Total Samples"
0,30,100,16.00,100,1,2.87487351201496,"Cross Entropy",0.1,1000
1,30,100,26.00,100,1,2.95051400626862,"Cross Entropy",0.1,1000
2,30,100,20.00,100,1,2.58704149333654,"Cross Entropy",0.1,1000
3,30,100,20.00,100,1,2.94688435362193,"Cross Entropy",0.1,1000
4,30,100,27.00,100,1,2.60327933950004,"Cross Entropy",0.1,1000
5,30,100,21.00,100,1,2.98050970019951,"Cross Entropy",0.1,1000
6,30,100,10.00,100,1,3.04728659988017,"Cross Entropy",0.1,1000
7,30,100,18.00,100,1,2.80447122636793,"Cross Entropy",0.1,1000
8,30,100,19.00,100,1,2.79867997764647,"Cross Entropy",0.1,1000
9,30,100,27.00,100,1,2.66080965659784,"Cross Entropy",0.1,1000
10,30,100,24.00,100,1,3.4264506107305,"Cross Entropy",0.1,1000
11,30,100,20.00,100,1,2.82679333986167,"Cross Entropy",0.1,1000
12,30,100,22.00,100,1,3.28928618444726,"Cross Entropy",0.1,1000
13,30,100,24.00,100,1,3.08116604419296,"Cross Entropy",0.1,1000
14,30,100,24.00,100,1,3.02923879699196,"Cross Entropy",0.1,1000
15,30,100,23.00,100,1,3.13102936533272,"Cross Entropy",0.1,1000
16,30,100,26.00,100,1,3.1564360703672,"Cross Entropy",0.1,1000
17,30,100,22.00,100,1,3.17664800091992,"Cross Entropy",0.1,1000
18,30,100,21.00,100,1,2.61054263901613,"Cross Entropy",0.1,1000
19,30,100,19.00,100,1,2.64706619083337,"Cross Entropy",0.1,1000
20,30,100,22.00,100,1,3.03732114289765,"Cross Entropy",0.1,1000
21,30,100,24.00,100,1,3.01611999299676,"Cross Entropy",0.1,1000
22,30,100,18.00,100,1,3.73870512827651,"Cross Entropy",0.1,1000
23,30,100,27.00,100,1,6.35743834175165,"Cross Entropy",0.1,1000
24,30,100,26.00,100,1,3.15830805652508,"Cross Entropy",0.1,1000
25,30,100,29.00,100,1,3.21992678057964,"Cross Entropy",0.1,1000
26,30,100,27.00,100,1,3.18817941643498,"Cross Entropy",0.1,1000
27,30,100,29.00,100,1,3.19138364190423,"Cross Entropy",0.1,1000
28,30,100,29.00,100,1,2.77913294531695,"Cross Entropy",0.1,1000
29,30,100,27.00,100,1,3.05556515885301,"Cross Entropy",0.1,1000
"id","epocs", "MiniBatch_Id","test_matches","test_cases", "lambda_Reg_", "Cost","Cost_Function_Name","Learning Rate","Total Samples"
0,30,100,42.00,100,1,3.19978441833797,"Cross Entropy",0.01,1000
1,30,100,57.00,100,1,4.24260577188973,"Cross Entropy",0.01,1000
2,30,100,65.00,100,1,3.47107480853766,"Cross Entropy",0.01,1000
3,30,100,64.00,100,1,3.25635099006329,"Cross Entropy",0.01,1000
4,30,100,65.00,100,1,4.03747781407205,"Cross Entropy",0.01,1000
5,30,100,68.00,100,1,4.81780857064415,"Cross Entropy",0.01,1000
6,30,100,74.00,100,1,3.84753727913158,"Cross Entropy",0.01,1000
7,30,100,69.00,100,1,3.75639803320215,"Cross Entropy",0.01,1000
8,30,100,77.00,100,1,4.21607364440916,"Cross Entropy",0.01,1000
9,30,100,71.00,100,1,4.02685038646134,"Cross Entropy",0.01,1000
10,30,100,68.00,100,1,4.99965702473358,"Cross Entropy",0.01,1000
11,30,100,79.00,100,1,4.90252105800563,"Cross Entropy",0.01,1000
12,30,100,77.00,100,1,6.40659276664539,"Cross Entropy",0.01,1000
13,30,100,77.00,100,1,4.25973146820596,"Cross Entropy",0.01,1000
14,30,100,77.00,100,1,4.4711415570085,"Cross Entropy",0.01,1000
15,30,100,72.00,100,1,3.92000698526289,"Cross Entropy",0.01,1000
16,30,100,76.00,100,1,4.30141971444715,"Cross Entropy",0.01,1000
17,30,100,72.00,100,1,5.12392469082052,"Cross Entropy",0.01,1000
18,30,100,73.00,100,1,3.42119838578153,"Cross Entropy",0.01,1000
19,30,100,73.00,100,1,3.91616748524814,"Cross Entropy",0.01,1000
20,30,100,72.00,100,1,3.94880069836593,"Cross Entropy",0.01,1000
21,30,100,75.00,100,1,3.78047595923417,"Cross Entropy",0.01,1000
22,30,100,78.00,100,1,4.78880369500007,"Cross Entropy",0.01,1000
23,30,100,81.00,100,1,5.6793153751661,"Cross Entropy",0.01,1000
24,30,100,74.00,100,1,3.87252750424523,"Cross Entropy",0.01,1000
25,30,100,79.00,100,1,3.44978733182135,"Cross Entropy",0.01,1000
26,30,100,77.00,100,1,3.76011321551694,"Cross Entropy",0.01,1000
27,30,100,75.00,100,1,6.56636867328325,"Cross Entropy",0.01,1000
28,30,100,76.00,100,1,3.93316821353707,"Cross Entropy",0.01,1000
29,30,100,77.00,100,1,4.58499773920567,"Cross Entropy",0.01,1000
"id","epocs", "MiniBatch_Id","test_matches","test_cases", "lambda_Reg_", "Cost","Cost_Function_Name","Learning Rate","Total Samples"
0,30,100,36.00,100,1.5,3.78100115443864,"Cross Entropy",0.01,1000
1,30,100,51.00,100,1.5,3.946832166939,"Cross Entropy",0.01,1000
2,30,100,61.00,100,1.5,3.87009274519862,"Cross Entropy",0.01,1000
3,30,100,59.00,100,1.5,4.16404515941419,"Cross Entropy",0.01,1000
4,30,100,65.00,100,1.5,3.55259702764091,"Cross Entropy",0.01,1000
5,30,100,67.00,100,1.5,4.41633695036445,"Cross Entropy",0.01,1000
6,30,100,69.00,100,1.5,3.76617917442562,"Cross Entropy",0.01,1000
7,30,100,69.00,100,1.5,2.86284058977297,"Cross Entropy",0.01,1000
8,30,100,68.00,100,1.5,5.29830926357042,"Cross Entropy",0.01,1000
9,30,100,72.00,100,1.5,3.9623953402155,"Cross Entropy",0.01,1000
10,30,100,69.00,100,1.5,3.6060407557908,"Cross Entropy",0.01,1000
11,30,100,73.00,100,1.5,4.64533621056165,"Cross Entropy",0.01,1000
12,30,100,71.00,100,1.5,5.12817870410852,"Cross Entropy",0.01,1000
13,30,100,69.00,100,1.5,4.43625231073583,"Cross Entropy",0.01,1000
14,30,100,75.00,100,1.5,3.74576147295026,"Cross Entropy",0.01,1000
15,30,100,79.00,100,1.5,4.53047857302712,"Cross Entropy",0.01,1000
16,30,100,75.00,100,1.5,4.50910326476206,"Cross Entropy",0.01,1000
17,30,100,77.00,100,1.5,5.21166380684365,"Cross Entropy",0.01,1000
18,30,100,78.00,100,1.5,5.99995603241903,"Cross Entropy",0.01,1000
19,30,100,76.00,100,1.5,4.99518940422742,"Cross Entropy",0.01,1000
20,30,100,76.00,100,1.5,4.90604125940973,"Cross Entropy",0.01,1000
21,30,100,73.00,100,1.5,4.41998996879336,"Cross Entropy",0.01,1000
22,30,100,74.00,100,1.5,4.0938262307535,"Cross Entropy",0.01,1000
23,30,100,85.00,100,1.5,3.21917534948846,"Cross Entropy",0.01,1000
24,30,100,80.00,100,1.5,4.66134933198042,"Cross Entropy",0.01,1000
25,30,100,80.00,100,1.5,4.56395390142749,"Cross Entropy",0.01,1000
26,30,100,79.00,100,1.5,6.69329720515361,"Cross Entropy",0.01,1000
27,30,100,83.00,100,1.5,5.2655696768323,"Cross Entropy",0.01,1000
28,30,100,78.00,100,1.5,5.73023821461058,"Cross Entropy",0.01,1000
29,30,100,80.00,100,1.5,6.12383135155928,"Cross Entropy",0.01,1000
"id","epocs", "MiniBatch_Id","test_matches","test_cases", "lambda_Reg_", "Cost","Cost_Function_Name","Learning Rate","Total Samples"
0,30,100,19.00,100,1.5,3.06310650312882,"Cross Entropy",0.001,1000
1,30,100,28.00,100,1.5,4.98264551424433,"Cross Entropy",0.001,1000
2,30,100,35.00,100,1.5,3.94078769377963,"Cross Entropy",0.001,1000
3,30,100,44.00,100,1.5,4.35449533520231,"Cross Entropy",0.001,1000
4,30,100,48.00,100,1.5,4.10355135033232,"Cross Entropy",0.001,1000
5,30,100,47.00,100,1.5,4.05343721785593,"Cross Entropy",0.001,1000
6,30,100,54.00,100,1.5,3.78788786336495,"Cross Entropy",0.001,1000
7,30,100,55.00,100,1.5,3.68195922904367,"Cross Entropy",0.001,1000
8,30,100,57.00,100,1.5,3.23238444241533,"Cross Entropy",0.001,1000
9,30,100,56.00,100,1.5,5.35184272782909,"Cross Entropy",0.001,1000
10,30,100,59.00,100,1.5,3.50758843351455,"Cross Entropy",0.001,1000
11,30,100,59.00,100,1.5,6.22571442931436,"Cross Entropy",0.001,1000
12,30,100,60.00,100,1.5,3.33814015036003,"Cross Entropy",0.001,1000
13,30,100,65.00,100,1.5,6.13592112809008,"Cross Entropy",0.001,1000
14,30,100,63.00,100,1.5,4.47143149998556,"Cross Entropy",0.001,1000
15,30,100,61.00,100,1.5,4.8537703924215,"Cross Entropy",0.001,1000
16,30,100,66.00,100,1.5,5.09878836540122,"Cross Entropy",0.001,1000
17,30,100,66.00,100,1.5,3.5443433918128,"Cross Entropy",0.001,1000
18,30,100,66.00,100,1.5,3.54821481945572,"Cross Entropy",0.001,1000
19,30,100,65.00,100,1.5,4.77468670774926,"Cross Entropy",0.001,1000
20,30,100,66.00,100,1.5,5.30426220850178,"Cross Entropy",0.001,1000
21,30,100,66.00,100,1.5,4.87640640708625,"Cross Entropy",0.001,1000
22,30,100,70.00,100,1.5,3.22493620067849,"Cross Entropy",0.001,1000
23,30,100,68.00,100,1.5,3.69425621771084,"Cross Entropy",0.001,1000
24,30,100,71.00,100,1.5,6.55341612442849,"Cross Entropy",0.001,1000
25,30,100,69.00,100,1.5,4.49914641925337,"Cross Entropy",0.001,1000
26,30,100,69.00,100,1.5,4.36187012190534,"Cross Entropy",0.001,1000
27,30,100,69.00,100,1.5,4.92360881151156,"Cross Entropy",0.001,1000
28,30,100,70.00,100,1.5,3.23649379933278,"Cross Entropy",0.001,1000
29,30,100,70.00,100,1.5,4.98841648909807,"Cross Entropy",0.001,1000
"id","epocs", "MiniBatch_Id","test_matches","test_cases", "lambda_Reg_", "Cost","Cost_Function_Name","Learning Rate","Total Samples"
0,30,100,13.00,100,2.5,3.8784589329206,"Cross Entropy",0.001,1000
1,30,100,26.00,100,2.5,3.92675337873518,"Cross Entropy",0.001,1000
2,30,100,24.00,100,2.5,4.11355482195756,"Cross Entropy",0.001,1000
3,30,100,28.00,100,2.5,3.54997791483782,"Cross Entropy",0.001,1000
4,30,100,39.00,100,2.5,3.67139979363448,"Cross Entropy",0.001,1000
5,30,100,46.00,100,2.5,3.77383188013334,"Cross Entropy",0.001,1000
6,30,100,47.00,100,2.5,3.75958673371205,"Cross Entropy",0.001,1000
7,30,100,55.00,100,2.5,4.83397391684325,"Cross Entropy",0.001,1000
8,30,100,54.00,100,2.5,4.12765237372698,"Cross Entropy",0.001,1000
9,30,100,59.00,100,2.5,4.25609709886426,"Cross Entropy",0.001,1000
10,30,100,57.00,100,2.5,4.03512360666022,"Cross Entropy",0.001,1000
11,30,100,61.00,100,2.5,4.35128765538293,"Cross Entropy",0.001,1000
12,30,100,58.00,100,2.5,4.04705937898858,"Cross Entropy",0.001,1000
13,30,100,67.00,100,2.5,4.99868435461073,"Cross Entropy",0.001,1000
14,30,100,65.00,100,2.5,4.98277284654123,"Cross Entropy",0.001,1000
15,30,100,68.00,100,2.5,4.10635318827307,"Cross Entropy",0.001,1000
16,30,100,69.00,100,2.5,4.16814877602126,"Cross Entropy",0.001,1000
17,30,100,69.00,100,2.5,3.46023835744323,"Cross Entropy",0.001,1000
18,30,100,68.00,100,2.5,4.84886624498925,"Cross Entropy",0.001,1000
19,30,100,67.00,100,2.5,5.07341204860805,"Cross Entropy",0.001,1000
20,30,100,70.00,100,2.5,4.48901366226845,"Cross Entropy",0.001,1000
21,30,100,68.00,100,2.5,3.55527601448262,"Cross Entropy",0.001,1000
22,30,100,69.00,100,2.5,5.46709430231736,"Cross Entropy",0.001,1000
23,30,100,69.00,100,2.5,4.08921410233999,"Cross Entropy",0.001,1000
24,30,100,71.00,100,2.5,4.39507602570546,"Cross Entropy",0.001,1000
25,30,100,72.00,100,2.5,6.42223317519202,"Cross Entropy",0.001,1000
26,30,100,73.00,100,2.5,5.39822842585851,"Cross Entropy",0.001,1000
27,30,100,71.00,100,2.5,4.38621097326189,"Cross Entropy",0.001,1000
28,30,100,74.00,100,2.5,4.90402760945537,"Cross Entropy",0.001,1000
29,30,100,72.00,100,2.5,4.52726229037437,"Cross Entropy",0.001,1000
"id","epocs", "MiniBatch_Id","test_matches","test_cases", "lambda_Reg_", "Cost","Cost_Function_Name","Learning Rate","Total Samples"
0,30,100,41.00,100,2.5,3.32943409490141,"Cross Entropy",0.01,1000
1,30,100,43.00,100,2.5,3.05188195027477,"Cross Entropy",0.01,1000
2,30,100,58.00,100,2.5,3.78683869008454,"Cross Entropy",0.01,1000
3,30,100,63.00,100,2.5,4.06103713870314,"Cross Entropy",0.01,1000
4,30,100,65.00,100,2.5,5.0534911689484,"Cross Entropy",0.01,1000
5,30,100,66.00,100,2.5,3.55944698087216,"Cross Entropy",0.01,1000
6,30,100,71.00,100,2.5,4.19617160341205,"Cross Entropy",0.01,1000
7,30,100,66.00,100,2.5,5.53234705391082,"Cross Entropy",0.01,1000
8,30,100,66.00,100,2.5,3.77661930067347,"Cross Entropy",0.01,1000
9,30,100,66.00,100,2.5,5.63704653589815,"Cross Entropy",0.01,1000
10,30,100,72.00,100,2.5,3.024692186301,"Cross Entropy",0.01,1000
11,30,100,73.00,100,2.5,4.00065601107201,"Cross Entropy",0.01,1000
12,30,100,72.00,100,2.5,3.93031639359545,"Cross Entropy",0.01,1000
13,30,100,73.00,100,2.5,4.90823781659237,"Cross Entropy",0.01,1000
14,30,100,77.00,100,2.5,3.93215393272171,"Cross Entropy",0.01,1000
15,30,100,78.00,100,2.5,4.07507441860545,"Cross Entropy",0.01,1000
16,30,100,72.00,100,2.5,3.81327537310286,"Cross Entropy",0.01,1000
17,30,100,76.00,100,2.5,3.56863839756387,"Cross Entropy",0.01,1000
18,30,100,77.00,100,2.5,4.45777271850286,"Cross Entropy",0.01,1000
19,30,100,79.00,100,2.5,3.19885912139148,"Cross Entropy",0.01,1000
20,30,100,81.00,100,2.5,3.82903132973849,"Cross Entropy",0.01,1000
21,30,100,74.00,100,2.5,4.88318409674269,"Cross Entropy",0.01,1000
22,30,100,73.00,100,2.5,3.82414212614409,"Cross Entropy",0.01,1000
23,30,100,75.00,100,2.5,3.92653590833011,"Cross Entropy",0.01,1000
24,30,100,79.00,100,2.5,3.80519571455079,"Cross Entropy",0.01,1000
25,30,100,81.00,100,2.5,4.99389041744051,"Cross Entropy",0.01,1000
26,30,100,82.00,100,2.5,4.39656798285607,"Cross Entropy",0.01,1000
27,30,100,83.00,100,2.5,5.50324588123426,"Cross Entropy",0.01,1000
28,30,100,82.00,100,2.5,4.22494696234701,"Cross Entropy",0.01,1000
29,30,100,81.00,100,2.5,4.71435539601957,"Cross Entropy",0.01,1000
"id","epocs", "MiniBatch_Id","test_matches","test_cases", "lambda_Reg_", "Cost","Cost_Function_Name","Learning Rate","Total Samples"
0,60,100,50.00,100,2.5,4.39971641590232,"Cross Entropy",0.01,2000
1,60,100,57.00,100,2.5,4.29867486889934,"Cross Entropy",0.01,2000
2,60,100,67.00,100,2.5,3.75785532486225,"Cross Entropy",0.01,2000
3,60,100,68.00,100,2.5,4.25067004054074,"Cross Entropy",0.01,2000
4,60,100,74.00,100,2.5,4.24043733068115,"Cross Entropy",0.01,2000
5,60,100,74.00,100,2.5,4.90305511045785,"Cross Entropy",0.01,2000
6,60,100,72.00,100,2.5,4.73877846645333,"Cross Entropy",0.01,2000
7,60,100,77.00,100,2.5,4.41000777672773,"Cross Entropy",0.01,2000
8,60,100,72.00,100,2.5,5.93302280420407,"Cross Entropy",0.01,2000
9,60,100,76.00,100,2.5,5.54863598989298,"Cross Entropy",0.01,2000
10,60,100,77.00,100,2.5,5.79784914260497,"Cross Entropy",0.01,2000
11,60,100,76.00,100,2.5,4.26955842370153,"Cross Entropy",0.01,2000
12,60,100,80.00,100,2.5,5.46444085158495,"Cross Entropy",0.01,2000
13,60,100,82.00,100,2.5,5.46626154498478,"Cross Entropy",0.01,2000
14,60,100,83.00,100,2.5,5.22144976417465,"Cross Entropy",0.01,2000
15,60,100,82.00,100,2.5,7.75976957619968,"Cross Entropy",0.01,2000
16,60,100,83.00,100,2.5,5.90662648783532,"Cross Entropy",0.01,2000
17,60,100,86.00,100,2.5,5.03599667521371,"Cross Entropy",0.01,2000
18,60,100,85.00,100,2.5,4.89076025372715,"Cross Entropy",0.01,2000
19,60,100,83.00,100,2.5,6.20735882620286,"Cross Entropy",0.01,2000
20,60,100,83.00,100,2.5,6.73610740303719,"Cross Entropy",0.01,2000
21,60,100,85.00,100,2.5,5.70617218470625,"Cross Entropy",0.01,2000
22,60,100,83.00,100,2.5,6.1857511977773,"Cross Entropy",0.01,2000
23,60,100,82.00,100,2.5,6.18282233285584,"Cross Entropy",0.01,2000
24,60,100,86.00,100,2.5,5.12685869790952,"Cross Entropy",0.01,2000
25,60,100,84.00,100,2.5,6.26780218951024,"Cross Entropy",0.01,2000
26,60,100,84.00,100,2.5,5.88531385631681,"Cross Entropy",0.01,2000
27,60,100,82.00,100,2.5,5.7212066824411,"Cross Entropy",0.01,2000
28,60,100,84.00,100,2.5,3.97989228473088,"Cross Entropy",0.01,2000
29,60,100,85.00,100,2.5,5.86063698392603,"Cross Entropy",0.01,2000
30,60,100,86.00,100,2.5,5.98619780225283,"Cross Entropy",0.01,2000
31,60,100,87.00,100,2.5,6.71270605791869,"Cross Entropy",0.01,2000
32,60,100,91.00,100,2.5,7.16233731757334,"Cross Entropy",0.01,2000
33,60,100,87.00,100,2.5,4.83760137110326,"Cross Entropy",0.01,2000
34,60,100,84.00,100,2.5,5.95448005745041,"Cross Entropy",0.01,2000
35,60,100,86.00,100,2.5,9.9883580255815,"Cross Entropy",0.01,2000
36,60,100,87.00,100,2.5,7.6664806531146,"Cross Entropy",0.01,2000
37,60,100,86.00,100,2.5,5.90455851549859,"Cross Entropy",0.01,2000
38,60,100,88.00,100,2.5,6.39961021327381,"Cross Entropy",0.01,2000
39,60,100,87.00,100,2.5,7.02371794787089,"Cross Entropy",0.01,2000
40,60,100,83.00,100,2.5,7.2910957875773,"Cross Entropy",0.01,2000
41,60,100,89.00,100,2.5,5.84925589951953,"Cross Entropy",0.01,2000
42,60,100,83.00,100,2.5,4.63812246831827,"Cross Entropy",0.01,2000
43,60,100,85.00,100,2.5,5.23759543699771,"Cross Entropy",0.01,2000
44,60,100,89.00,100,2.5,7.45588495193301,"Cross Entropy",0.01,2000
45,60,100,90.00,100,2.5,7.84051892823039,"Cross Entropy",0.01,2000
46,60,100,92.00,100,2.5,7.40975889515636,"Cross Entropy",0.01,2000
47,60,100,90.00,100,2.5,9.34740163933175,"Cross Entropy",0.01,2000
48,60,100,87.00,100,2.5,7.22495917039968,"Cross Entropy",0.01,2000
49,60,100,90.00,100,2.5,6.17008904114841,"Cross Entropy",0.01,2000
50,60,100,87.00,100,2.5,4.88342275972998,"Cross Entropy",0.01,2000
51,60,100,90.00,100,2.5,5.75392367570334,"Cross Entropy",0.01,2000
52,60,100,85.00,100,2.5,5.22293998983887,"Cross Entropy",0.01,2000
53,60,100,89.00,100,2.5,7.45332896023571,"Cross Entropy",0.01,2000
54,60,100,87.00,100,2.5,6.54379814847875,"Cross Entropy",0.01,2000
55,60,100,85.00,100,2.5,8.52888784469171,"Cross Entropy",0.01,2000
56,60,100,87.00,100,2.5,5.73720647689335,"Cross Entropy",0.01,2000
57,60,100,88.00,100,2.5,5.27516125444369,"Cross Entropy",0.01,2000
58,60,100,90.00,100,2.5,6.43335304572667,"Cross Entropy",0.01,2000
59,60,100,91.00,100,2.5,5.52875137337172,"Cross Entropy",0.01,2000
"id","epocs", "MiniBatch_Id","test_matches","test_cases", "lambda_Reg_", "Cost","Cost_Function_Name","Learning Rate","Total Samples"
0,90,1000,77.00,100,3.5,5.21873408306934,"Cross Entropy",0.01,20000
1,90,1000,88.00,100,3.5,4.44902212348119,"Cross Entropy",0.01,20000
2,90,1000,85.00,100,3.5,6.42366297853726,"Cross Entropy",0.01,20000
3,90,1000,89.00,100,3.5,7.49493775638372,"Cross Entropy",0.01,20000
4,90,1000,90.00,100,3.5,10.3246458880391,"Cross Entropy",0.01,20000
5,90,1000,91.00,100,3.5,5.8549596216524,"Cross Entropy",0.01,20000
6,90,1000,92.00,100,3.5,5.62655104892875,"Cross Entropy",0.01,20000
7,90,1000,93.00,100,3.5,6.01738818467078,"Cross Entropy",0.01,20000
8,90,1000,89.00,100,3.5,6.76869331754179,"Cross Entropy",0.01,20000
9,90,1000,95.00,100,3.5,7.55378021993256,"Cross Entropy",0.01,20000
10,90,1000,91.00,100,3.5,8.04837323306324,"Cross Entropy",0.01,20000
11,90,1000,96.00,100,3.5,8.32899339735249,"Cross Entropy",0.01,20000
12,90,1000,94.00,100,3.5,7.16559585823019,"Cross Entropy",0.01,20000
13,90,1000,92.00,100,3.5,7.432199304601,"Cross Entropy",0.01,20000
14,90,1000,94.00,100,3.5,7.17610343002387,"Cross Entropy",0.01,20000
15,90,1000,93.00,100,3.5,7.32641424321876,"Cross Entropy",0.01,20000
16,90,1000,96.00,100,3.5,8.6698061513492,"Cross Entropy",0.01,20000
17,90,1000,95.00,100,3.5,7.10259028344075,"Cross Entropy",0.01,20000
18,90,1000,94.00,100,3.5,11.8434433671411,"Cross Entropy",0.01,20000
19,90,1000,95.00,100,3.5,8.37038283095516,"Cross Entropy",0.01,20000
20,90,1000,94.00,100,3.5,7.6895364627317,"Cross Entropy",0.01,20000
21,90,1000,92.00,100,3.5,8.72362313263031,"Cross Entropy",0.01,20000
22,90,1000,98.00,100,3.5,9.16654882870006,"Cross Entropy",0.01,20000
23,90,1000,97.00,100,3.5,8.27325467202746,"Cross Entropy",0.01,20000
24,90,1000,96.00,100,3.5,10.2030816107901,"Cross Entropy",0.01,20000
25,90,1000,96.00,100,3.5,8.65903520723916,"Cross Entropy",0.01,20000
26,90,1000,98.00,100,3.5,7.40413110823199,"Cross Entropy",0.01,20000
27,90,1000,95.00,100,3.5,8.17200654469672,"Cross Entropy",0.01,20000
28,90,1000,97.00,100,3.5,8.94977030994253,"Cross Entropy",0.01,20000
29,90,1000,98.00,100,3.5,7.85059236980913,"Cross Entropy",0.01,20000
30,90,1000,95.00,100,3.5,5.58561496216411,"Cross Entropy",0.01,20000
31,90,1000,96.00,100,3.5,10.7532481680768,"Cross Entropy",0.01,20000
32,90,1000,96.00,100,3.5,8.85223950869597,"Cross Entropy",0.01,20000
33,90,1000,95.00,100,3.5,6.90495001104182,"Cross Entropy",0.01,20000
34,90,1000,97.00,100,3.5,11.0893291732389,"Cross Entropy",0.01,20000
35,90,1000,98.00,100,3.5,10.5132555862219,"Cross Entropy",0.01,20000
36,90,1000,98.00,100,3.5,13.2091825630073,"Cross Entropy",0.01,20000
37,90,1000,98.00,100,3.5,12.5922126611321,"Cross Entropy",0.01,20000
38,90,1000,92.00,100,3.5,11.3679934756439,"Cross Entropy",0.01,20000
39,90,1000,94.00,100,3.5,6.21922804708369,"Cross Entropy",0.01,20000
40,90,1000,98.00,100,3.5,8.22407412319041,"Cross Entropy",0.01,20000
41,90,1000,98.00,100,3.5,8.79025746893608,"Cross Entropy",0.01,20000
42,90,1000,98.00,100,3.5,7.56689004504718,"Cross Entropy",0.01,20000
43,90,1000,96.00,100,3.5,5.11374675721723,"Cross Entropy",0.01,20000
44,90,1000,97.00,100,3.5,9.33614190909733,"Cross Entropy",0.01,20000
45,90,1000,96.00,100,3.5,7.80820908308915,"Cross Entropy",0.01,20000
46,90,1000,93.00,100,3.5,10.1071620084129,"Cross Entropy",0.01,20000
47,90,1000,94.00,100,3.5,9.46040487932977,"Cross Entropy",0.01,20000
48,90,1000,95.00,100,3.5,6.33111806868332,"Cross Entropy",0.01,20000
49,90,1000,97.00,100,3.5,13.1480925213012,"Cross Entropy",0.01,20000
50,90,1000,96.00,100,3.5,6.84583120699365,"Cross Entropy",0.01,20000
51,90,1000,98.00,100,3.5,6.65013841325386,"Cross Entropy",0.01,20000
52,90,1000,96.00,100,3.5,9.1160997770216,"Cross Entropy",0.01,20000
53,90,1000,97.00,100,3.5,13.6617289654973,"Cross Entropy",0.01,20000
54,90,1000,98.00,100,3.5,9.16543231912104,"Cross Entropy",0.01,20000
55,90,1000,98.00,100,3.5,8.12116233793875,"Cross Entropy",0.01,20000
56,90,1000,95.00,100,3.5,10.2193947884786,"Cross Entropy",0.01,20000
57,90,1000,96.00,100,3.5,11.8046863596184,"Cross Entropy",0.01,20000
58,90,1000,97.00,100,3.5,9.33164246362861,"Cross Entropy",0.01,20000
59,90,1000,96.00,100,3.5,10.4331669687187,"Cross Entropy",0.01,20000
60,90,1000,98.00,100,3.5,6.60927826580224,"Cross Entropy",0.01,20000
61,90,1000,97.00,100,3.5,9.56350688759899,"Cross Entropy",0.01,20000
62,90,1000,97.00,100,3.5,10.2917417964067,"Cross Entropy",0.01,20000
63,90,1000,96.00,100,3.5,12.0988614136235,"Cross Entropy",0.01,20000
64,90,1000,96.00,100,3.5,6.19274349128932,"Cross Entropy",0.01,20000
65,90,1000,98.00,100,3.5,12.4950858673683,"Cross Entropy",0.01,20000
66,90,1000,98.00,100,3.5,10.1181968754759,"Cross Entropy",0.01,20000
67,90,1000,99.00,100,3.5,10.6629913661766,"Cross Entropy",0.01,20000
68,90,1000,97.00,100,3.5,7.74182180194715,"Cross Entropy",0.01,20000
69,90,1000,97.00,100,3.5,8.18290113724919,"Cross Entropy",0.01,20000
70,90,1000,97.00,100,3.5,7.09704258478297,"Cross Entropy",0.01,20000
71,90,1000,97.00,100,3.5,8.63551097482952,"Cross Entropy",0.01,20000
72,90,1000,98.00,100,3.5,9.00710474383308,"Cross Entropy",0.01,20000
73,90,1000,99.00,100,3.5,10.3645644724867,"Cross Entropy",0.01,20000
74,90,1000,98.00,100,3.5,13.1360368518323,"Cross Entropy",0.01,20000
75,90,1000,96.00,100,3.5,8.37717676892153,"Cross Entropy",0.01,20000
76,90,1000,96.00,100,3.5,10.4710394329381,"Cross Entropy",0.01,20000
77,90,1000,97.00,100,3.5,7.91448330731303,"Cross Entropy",0.01,20000
78,90,1000,95.00,100,3.5,9.60318583009084,"Cross Entropy",0.01,20000
79,90,1000,100.00,100,3.5,8.02347320348212,"Cross Entropy",0.01,20000
80,90,1000,98.00,100,3.5,10.9699512043193,"Cross Entropy",0.01,20000
81,90,1000,98.00,100,3.5,8.91750056925064,"Cross Entropy",0.01,20000
82,90,1000,98.00,100,3.5,9.54786291552581,"Cross Entropy",0.01,20000
83,90,1000,98.00,100,3.5,10.3273137970859,"Cross Entropy",0.01,20000
84,90,1000,98.00,100,3.5,7.34660547584514,"Cross Entropy",0.01,20000
85,90,1000,97.00,100,3.5,12.0688528948942,"Cross Entropy",0.01,20000
86,90,1000,98.00,100,3.5,11.3249179504068,"Cross Entropy",0.01,20000
87,90,1000,98.00,100,3.5,11.6122068775701,"Cross Entropy",0.01,20000
88,90,1000,95.00,100,3.5,8.25826291923793,"Cross Entropy",0.01,20000
89,90,1000,97.00,100,3.5,9.2905270914105,"Cross Entropy",0.01,20000
